<?xml version="1.0" encoding="UTF-8"?>
<project-private xmlns="http://www.netbeans.org/ns/project-private/1">
    <editor-bookmarks xmlns="http://www.netbeans.org/ns/editor-bookmarks/2" lastBookmarkId="0"/>
    <open-files xmlns="http://www.netbeans.org/ns/projectui-open-files/2">
        <group>
            <file>file:/C:/Users/ABDURAHMAN/Documents/NetBeansProjects/REAL_001/src/Dashboard/Dashboard.java</file>
            <file>file:/C:/Users/ABDURAHMAN/Documents/NetBeansProjects/REAL_001/src/Dashboard/CashierLogin.java</file>
            <file>file:/C:/Users/ABDURAHMAN/Documents/NetBeansProjects/REAL_001/src/savic/application/form/FormDisplayReports.java</file>
            <file>file:/C:/Users/ABDURAHMAN/Documents/NetBeansProjects/REAL_001/src/Dashboard/DatabaseAccess.java</file>
            <file>file:/C:/Users/ABDURAHMAN/Documents/NetBeansProjects/REAL_001/src/Dashboard/LogoutPAGE.java</file>
        </group>
    </open-files>
</project-private>
